,PCA1,PCA2,PCA3,PCA4,PCA5,PCA6,PCA7,PCA8
0,-12.36051498965422,4.2425518307645955,-4.486260679614398,-2.067913459943829,-0.05540743120694726,1.4551107820411058,1.6051253867588204,1.8830953062282556
1,-11.33323184584343,5.033868480060616,-4.914543705532108,-0.6309137620614261,-0.6555529926964602,0.23295071997129588,0.5021738640853568,0.2005445453592811
2,-10.850738225886888,3.7969748724727848,-4.740374349925035,2.04460773166012,1.4623602174540467,-0.5934207611750183,-0.7868618455456782,-1.0591357992093753
3,-9.799255659021842,2.5947327529220963,-3.653367999174952,1.370378398805201,3.209725347261081,1.4023622200930728,-1.1405809709703383,-2.8963890431797936
4,-10.41661455200973,4.047151794575944,-0.41317202067404707,2.759091637263898,-2.1154113909303507,0.2005583664430148,-1.2184047980819557,0.18580357264191127
5,-9.758063158027337,3.162475914512014,-2.641260922385004,3.030726457911158,0.6041160027703263,-0.15980927284196483,0.5524862547191726,-2.1506298850670493
6,-10.221927384039061,3.8668129567919167,-3.7391565281160166,2.0748207494218076,-0.44027858234123046,-0.4722791633259615,-0.4247945212769116,-1.6974728547335882
7,-9.776688742174478,3.54402192952024,-2.4989314092593813,1.8975203252805062,0.8455877970251621,1.0444958361017531,0.2809275885882128,-3.2881402040805834
8,-11.450294129522742,4.594063174330619,-1.3950491881829838,-1.380848304682019,-3.979632525424442,2.6688318015478587,-0.6607798588529664,-0.4566293846180641
9,-12.209763374237124,6.464374368302673,-4.094724056518534,-3.533051879786367,-3.8644976518962264,1.6887609751790744,-0.9420314603163233,1.1114120419003997
10,-11.93351419677594,7.957093470816969,-4.463502499681953,-0.0911855736593214,-3.8465573353713722,-0.4906335953455691,-1.5887110298638119,1.4216447818262077
11,-11.836132794012766,6.579723683440825,-2.6764647828801813,1.5711058629441275,-1.099489558864486,-1.5128570149375302,-1.7000152088053564,1.179515267800755
12,-12.281572944027408,4.423833410923442,0.2216730509841974,3.0593902232313046,0.43295144628122634,2.8422357176696718,0.4844098772107185,-1.8097752500914366
13,-11.906667584181998,4.274291222108519,0.5685338610533885,1.1413114300518894,0.4441275611182269,5.575212145071529,1.9972779667773293,-1.825025130889363
14,-12.508922946062018,6.296305951024989,-1.239514946767573,-1.3836135268396768,-0.9639246655550228,3.7297250176066794,-0.30872761138411214,-1.4376133438319925
15,-12.532797022287026,6.178362567579679,-3.100730713365389,-1.9692589009697938,0.02590317056541349,2.698126763708763,0.9451811587018891,-0.48111998363765823
16,-10.565921082532766,3.3774745099040073,-2.606627991859098,-4.909075793125713,0.7276681520579233,0.8534746816386254,-1.9869406438465074,-2.1270398603889205
17,-10.480448610456365,0.7699843219614949,-0.8096987752933169,-5.472045693471809,1.0487070168107784,-1.3188368860740356,-2.824296248602444,-3.451750703323595
18,-10.0522646433823,5.893145156058612,-0.6904478407714107,-3.925122333020374,1.6507729455706954,1.0331833142350735,0.7199766235973291,0.7020678219246193
19,-10.909953632740297,6.13894432693264,-2.9802154756504575,-2.9922531441653075,1.7355621763903035,0.7542884142552403,0.7253213322322699,0.19504590690450294
20,-10.961159720802314,3.2291950645917975,-0.5509003067283402,-5.318728556163419,1.3581417700689344,-0.35173822183232456,-1.4228321080422142,-0.24164376171988522
21,-13.159125503327708,1.7337802375635134,0.13189275025478878,-3.496033370276692,1.9813907881299793,0.584999392729629,-0.34373960453891916,2.080048666651102
22,-14.673255438634468,2.9673147976773175,3.4901845616497833,-6.258615397545679,0.10598780949756166,1.2906217247371214,1.2920428163745712,0.8807192495407848
23,-14.713720445204016,10.158739125867054,7.041351071637921,-3.5158313551982165,0.9947118004682076,-1.065210564935396,6.991180947722231,10.44912430618482
24,-14.01322733765485,12.129639644293496,4.2014090527189305,0.09149389159398005,2.612477831787991,1.0984716521741444,6.458611147173406,5.4255268139411
25,-14.070858172722668,10.83223952094679,1.5656275318001232,1.0014047285667247,2.4996540771364963,1.6924580129644307,4.866576542970577,3.184437628452425
26,-11.249621497590843,9.66284905243568,0.8679348540070737,2.1903174927327775,1.4827759336567905,-1.264319940337255,4.39205381713312,3.332907319007912
27,-11.75593975966025,5.69975220162513,0.0715568469850959,1.8264323220551602,4.63777097002334,-1.4857221895251866,0.9593466392356146,2.994211718082737
28,-10.0681047870035,-3.8292980807868977,-1.6944654008373565,0.07234401559905447,7.517004252403104,-5.479911371716742,-1.2889717059451806,-0.05052102641175918
29,-6.590416991059846,-1.6568307962648736,-2.346071617168329,-3.3374244801127566,2.946563697161156,-3.212090380156917,-3.884924777786393,-2.199207327606698
30,-7.136774237205881,1.746688990598348,-3.969740522514746,0.7009968114599946,3.1089535710941556,-1.3229302607434337,-2.802135415868831,-1.8282547211287368
31,-6.979346060051816,2.5973524811227175,-2.321278306746407,4.51692489194343,3.046454804218502,1.011979303211452,-2.057632458127432,-0.7794161165688519
32,-7.152111304362005,0.872325418179081,-1.0992924388727139,-0.662672207466938,1.0207998981704445,-1.1740758389214354,-1.6619848646481743,1.7243052418611866
33,-7.549972463966724,6.063391533664416,-2.624638103111426,-2.9338282668838156,0.054883214039802106,0.028131739740659505,-2.7648738113545575,0.6498482023841124
34,-7.282358012639864,7.371723485770591,-5.862103591212106,1.426911656635307,4.2019519980175914,-1.0226076633087424,0.630331504606748,0.8537200378341764
35,-4.982650569428367,6.499178029374401,-1.9040173526956634,1.4617806056041585,-1.2355224941391778,-3.810750808594077,-1.5117267412895155,0.561667028655941
36,-4.796968267389055,3.628342046163539,-3.0828899013185014,2.6314739993707588,2.8526985718562177,-0.20100913945707383,-1.2698195677212747,0.13136229994217238
37,-6.627849611856432,-0.2175932617707429,-2.14147019173077,1.9645603191292071,3.8609176085518317,-2.6982699418346616,-3.0759107694606582,-0.9058102637333907
38,-6.454232970882772,-3.023201661871785,-0.9241429329511297,0.2375587568466804,3.85049587696699,-2.320138400561324,-3.9187367249890164,-1.283861654460958
39,-7.7557261402020155,1.1342238353891343,0.2505244973787755,-2.4448463201677453,0.02070449848368047,-3.345360725948668,-2.0792099066435563,-2.115302056208711
40,-6.6056688714846645,3.2046820897487747,-0.07900983060721804,1.230392225739134,5.44530821483027,-1.4532972400109074,0.48838322888491786,0.7080160869924247
41,-6.903039488124605,6.534254056832739,0.6390252430870692,-0.9077723658734191,-3.336883099431573,-0.9610761998182277,-1.9653911052892654,1.5407889528178749
42,-9.00709893331706,2.8348869149073788,-0.6115366985145301,0.5612135331834015,-0.0642439599583714,-3.398745034611305,-1.4885158643560656,-0.7254735276976356
43,-7.539252841771009,3.062439650071564,-0.05992444596385295,-1.0533191674038627,-0.11739253701229754,-2.422600649751054,-1.2770548105575072,0.8003936572198002
44,-6.922766531066353,4.740626597562638,0.45648330583167546,-1.2260670514483485,0.28779039271639956,0.36788876320567054,-2.057724647058909,0.8192332941192958
45,-8.53109535105464,0.023165239206111903,-1.7200810007528322,-1.2876537394744993,1.6842263160443567,-0.6746064190485321,-0.5974691465367321,1.2665832028629485
46,-9.760165153165271,-2.7628237165538305,4.00518579447939,-3.220111970308959,1.2471511480108473,-3.411133374025111,-0.04727566593999107,-1.2408266634048
47,-9.52728979730896,0.47830435021581147,3.388419706442854,-4.0929262527911945,-0.015910422535461287,-1.2526055233528512,0.7382871768916957,-0.775822900618885
48,-9.958336991389121,-1.1544281260857223,0.3517062475115886,-2.8216942132433647,4.57921775908875,-0.2588888909613456,1.4839709268301706,0.6869619457682071
49,-9.12015013113764,-0.6695367510312148,1.4469804160484994,-4.169827568240385,1.041440433775693,0.343293599738911,-0.6176748242939263,-1.4729402216856773
50,-9.358840353690077,5.354900663108824,0.9325938617665562,-5.797147740438184,-3.414191118425442,-0.380855362760631,-1.2399211629480806,0.14925535009941532
51,-9.396792755364618,7.772138254199994,0.22302366290628145,-4.18007473333678,0.12477654783853309,1.2737966096210274,0.7816039088490199,-0.40813017075207597
52,-9.088047057243507,7.134670882121233,-0.32672111771725854,-0.5228076236103705,0.8129427026866195,0.8665706927675632,1.8726072408966181,0.33311487133666245
53,-8.648420655162898,5.946999668977104,-1.089271290691387,-0.8877159183748966,-0.41551445877185794,-0.9395962562604292,-0.45541105244814306,0.8348399464120161
54,-8.332232115511479,2.779949435938008,-4.469317451825892,-0.4338041585526159,5.176902173237447,-1.2848515536459455,-0.5771814103995453,0.8826615614389977
55,-6.463972534398034,4.859262404615675,-0.2798198871577843,-3.7280741209710033,0.8309649475589445,-2.19175932835896,-1.9448127820394432,1.4496303767961083
56,-6.496683117603924,8.207269013212771,0.04959531142077163,0.5623547456261404,-2.2995187538650623,-0.6255104104257865,-2.1016418834033965,3.691187861614682
57,-4.252812336323302,7.363230241787226,0.5959742853152418,4.196264611971268,2.2852950611714333,-2.762008695783916,-0.5826265821383593,0.16327800577185891
58,-3.4098430647915667,3.57839446823104,-0.5180909246938271,5.039844873786387,6.641651013226348,-1.1574960493877233,-0.9793107117430151,0.40368685384409364
59,-5.987085019828342,-1.2207384716186296,-0.9897697819858754,1.867536044992597,5.360337203588697,-2.646665073749605,-3.13090206654084,2.729745125188218
60,-7.290205184756162,-4.229494533690115,2.5320288074697648,-4.623450438157131,0.10436240527647153,-1.8615015348481667,-0.06927363048076868,-0.4925917325493113
61,-7.539201811141477,1.3651217378228049,1.3031116723192144,-2.7058252449846187,2.198593980744664,-3.3836635188415918,-1.8463792635148242,-2.060391454479966
62,-6.572970658933203,-0.454875327028301,0.037896436209640894,-0.6280429044750943,8.111974127383197,-3.51565067905911,-0.24625855421354703,0.5153221240760723
63,-7.571061936972012,3.2300933667169804,3.605613898839912,-5.49577094435452,0.730021221523278,-2.2440825577382486,-0.4317468164462316,-2.3434007408558686
64,-7.385572579461928,8.588912820987877,1.1400748392738271,-3.955410787314031,2.0767490460423668,-0.813254577539528,0.6283978445260866,-0.6178579625618261
65,-5.280338485622331,8.59277243373467,-0.7323983551027228,2.2544612322945268,4.523957365811498,-3.623345272704475,1.288093933798544,-0.8958224792103534
66,-2.5044255375431015,5.766273465324069,-2.717929899396172,0.9277310035475227,6.16434423829977,-0.2177950616915706,-0.1749576158784024,-1.4506443807410627
67,-4.010571459062446,0.7419592498618333,-5.591795090482097,-1.7219160179052442,4.732168022228516,-3.333431821599406,-1.0195483465639175,0.06568399741692958
68,-2.619856284053371,1.2121620448371129,-3.261358315697122,-4.131486803916735,4.570447810578141,-2.93501744298905,-3.0953495558038058,-2.6294578839363423
69,-3.941761895036558,3.201591053750794,-1.3924912009843917,-4.116789622057759,0.8534929408988127,0.6408906271045178,-2.7634660168454013,0.11389057296731657
70,-5.025908319762378,1.6534292220255729,-0.5207474430035006,-3.1602949136555805,1.4949945405917542,-1.0903457644746315,-1.7640188659910356,-3.5709651006782575
71,-3.304480063684762,5.900347104243366,0.4095757697586755,-2.613771246385731,1.0488652437056503,1.2520508982622813,0.9887819674721198,-1.1473264544738642
72,-3.72536321956286,5.745338431191058,-1.1625288665727491,1.2306823453547728,2.3992081358806665,1.1347664943499502,2.543381820469619,-0.7975512389942182
73,-3.6350180423037144,1.4862838611290394,-2.4512801353033336,-4.361315347762779,3.908982425235409,-1.6387825728673966,-1.5264069888225007,-0.027267598437574616
74,-5.043234908604709,5.117931049852071,1.7886072771345671,-5.241695108628631,0.24772785111165363,-2.972818524970153,-0.9248531793137789,-1.7279209747640227
75,-7.174923972091778,3.759224447641489,-2.71290359615539,-6.2566495533269615,0.6471284284102065,-0.6012137631823503,-1.6122856333880529,-0.23537147216173865
76,-7.051261181992319,2.3513133642146915,-3.5466764014718857,-5.820602692321145,1.0440726440932813,-1.3395156748860213,-1.7114831200657012,-0.254248984093134
77,-5.7197159160383215,3.7566160265508874,-2.4765394434751085,-5.549925877559948,1.0465444100048098,-1.1914306319301797,0.378175338242709,-0.9987595472327647
78,-6.734261343754386,5.379939589408986,-1.2702535226851093,-4.562519307800089,-1.7603791627888803,-0.8012428927345762,0.3199207327842355,0.00432464762126358
79,-4.178937573730182,7.471033248229054,2.9973934479027236,-0.7374909824101027,-0.10565699885519647,2.982116244649884,1.468970594761729,-3.418383768549624
80,-2.1583778911405225,7.509352274149208,3.2514879919758726,1.652141833845719,0.06857585445735434,1.861211331721003,2.7803852536818248,-0.6997542422255398
81,-0.3122117829183418,7.450480653282542,6.023435144727391,3.3410029520190827,0.218778817038805,1.5838669082408103,0.8391610781883881,-1.3432931030847641
82,-0.1548475817456445,4.112432280294495,4.328227864045018,1.1730575254377742,2.441872797109972,2.7390318285609943,-1.9268606058363844,0.402860575663687
83,-2.9986231127369107,-1.1018822177493064,0.7544807847491165,-2.1656910735653647,1.607854566399654,3.0812004116680822,-3.2954459342985283,-1.5948377211464642
84,-3.467762169411267,-0.10047262011800139,1.8978482087062885,-0.7935641621989534,1.1918078285003655,1.4342938434772132,-1.486686200966474,-1.9578093287247078
85,-4.856990133390649,-1.4421604033265907,1.778337812150719,-2.2210584221791234,-1.037699404236122,-0.24685466288845298,0.15893851644585127,0.3188902033048591
86,-5.263588578366584,-2.2977316815409825,3.765701230429472,-5.134709347085065,-1.4505342995649853,2.8015371137070035,-1.4448663514104922,-2.47715654497911
87,-6.1133132132136145,-0.774159561566957,2.0838436217134078,-5.170042380928456,1.5047990108692408,3.670402568143477,-0.9010449719390502,-0.4859092051744261
88,-6.887817435026986,-3.3652837959758988,1.6730367191916158,-5.2890570673756265,0.38963537446645885,2.92448237220474,-2.1498465796971047,-0.029719434042410137
89,-5.409973454496819,-1.69550102197988,2.009408845560091,-4.453364150774045,2.2461663473712505,4.834360955112029,-2.5782163690015483,-1.420701582102397
90,-3.5535619214812444,-1.185093432230602,1.6024468924694555,-1.7812768673891943,2.7638809985988257,2.790698933889743,2.365023666667404,1.3645614280421041
91,-5.407645688156567,-3.949469559311683,3.447763591694137,-3.1731244643784904,-0.6710766665184984,1.5402868296147185,1.7266579123866617,-2.2870847086600428
92,-3.1194942487627313,-2.1444899811357225,6.968566411470822,3.454799788713739,1.567162990504943,1.645774946099183,2.102482611768012,-1.9408871429998134
93,-2.7261869812779733,-6.37343608542197,8.64459924995916,2.214713097596827,1.130148067391888,1.2169190111032824,-0.8213991139892739,-1.2091083522773862
94,-2.1112253944685304,-6.2681815435875565,9.179576107033943,-1.401431946808486,1.966663556195974,-0.14816886128697698,0.7929367761455174,-4.116696179562618
95,-5.615140659886668,-2.83786883201163,6.243682416821592,-6.587289613098717,1.7134691852946655,-1.0142642865129055,-1.5418646996137884,-4.161118076532803
96,-2.655557069563104,6.517073196556242,6.98025631881541,-4.621840033494704,-1.924115977200854,-2.5495160914280346,-2.5748948618358667,1.8447282977915358
97,-0.0973798630070282,10.960119208024501,6.488704632761586,-1.635719645755023,-0.15456480499107145,0.14355758329839444,1.252845642219976,-0.6929665467043237
98,-1.3479583619869804,7.872184583122057,6.2840488383667195,0.016992423611648075,0.6869000631742815,1.7703579560944362,1.6756838317112452,-1.6774796462248758
99,-0.4943880381486523,3.784701450531379,7.665482528603102,0.565032021688718,1.4531968934947581,0.5932295960998906,-2.173002742907079,-0.6874710071856955
100,-1.1329875065429063,2.038639094548126,9.959469609759857,-0.6878829977376459,-2.640953221492263,-2.3028716655833255,-0.9476330243952301,-0.20286422852898614
101,-3.2977388496139617,-3.597140565245622,7.996475367052142,-0.4805000203981157,-1.3299603865309775,0.14809737646556348,-1.1144741358590802,1.2707498707184202
102,-3.378609207427592,-6.406262759687945,6.886901568318154,-0.4881689534513701,2.4982018528401913,-1.2001292969781139,-0.8248577883583886,-0.23780912142640215
103,-4.123407176830095,-6.685764129517373,4.629981303811617,-0.14880133497698583,3.2143003387276683,-1.1639365886059707,-0.834970410847726,0.9678840991374154
104,-1.1282325177329424,-4.235592689757395,6.52738153186101,0.5351612624004799,2.887093355557711,1.8368244326295413,1.3025732411624287,0.746291116593147
105,-2.6340643652900626,-5.704465155698629,4.702635221752845,1.4528666975975937,2.5329019119739904,1.278816832100689,-1.0229544152097496,-0.7312998296358191
106,0.38554617357762855,-2.532163265849912,8.041214036927007,1.5523471531509252,2.444159749944401,-1.196601372285251,-0.03736397822318194,2.030312243269898
107,0.16085724619252523,-4.445902140912098,4.707009394498808,0.18445283824225714,2.290243007332699,-0.8186637858776317,-1.3055715507568155,2.430961149699932
108,-0.6954008178095944,-4.1121782122754,4.669526921016094,-0.15614823085131102,0.20862230615240293,1.2650780401728157,-2.1847768787247306,1.5078250131768038
109,2.2907697682994717,-1.1346452490726966,4.241654909957514,-0.24618454580240437,-1.0234921214824322,0.52921270372064,-0.2702940725690781,1.5856778522366615
110,5.306859711410105,1.7518631027991862,4.623392455669976,2.782190864111134,1.1128396998078485,0.9885370200526717,0.2230877083206328,-0.9071146721796841
111,6.928102026104498,2.2425412641571216,3.558305330657908,2.792623025303968,2.42062355346515,1.0261464485763856,0.07499470361472016,0.6719564304706279
112,5.320147671528796,0.25779820702962347,2.2648886604870637,3.285661026970321,4.73637826195627,4.086924149735242,-0.8128445815517463,0.14296286845147216
113,3.925315288809204,-1.8133351890698857,-1.1490657628022394,0.6061796408886013,4.96725262519077,3.369859552654015,0.1962793083643712,2.8746484164878385
114,2.528938785918097,-2.0470250992001815,2.0080194759246184,-2.980348453987759,-1.5283830948076127,0.82923683923214,-1.1578336956278186,2.322155275840781
115,4.3177481805052915,1.8713562310122471,4.303954541860396,1.8430448395718964,-1.3406010058872755,-1.2625729062622282,-0.07315734337063827,-2.764844214811294
116,5.110094149034657,1.7613207145896037,4.247043046335814,3.9253634922576985,0.3192017098647915,0.2448593519426003,-0.05690032027842347,-2.2419845701331584
117,3.3052480546518814,-1.3925633614416313,1.9780968160024526,2.2646656765635282,0.48791161162801017,3.0436641426130056,-2.8650260072584013,1.1918353344689974
118,4.767263122626945,-2.280763547683476,2.5407063692819816,0.9572054755470389,-0.3215807550288281,2.7666390914762973,-3.4363005051481257,0.8306205745249551
119,3.6305750153788194,-2.1706744935702744,-0.757350534116624,-3.1717314571014383,0.1733904500926319,4.385732494995157,-2.4100146231911483,0.015781620848737507
120,3.9115183430230207,0.2157240203912319,-1.9500817669217048,-1.2042759766968527,-1.1020735541056519,4.044066073969123,-0.7120345905233004,-1.5002094668837604
121,3.569705545205313,-0.8962455286253777,-0.87460016554,-0.22422435476296054,-0.7374354110867916,2.0870115985020212,0.9494497773004721,-3.4129293254378275
122,2.323179017030839,-1.1433971539988206,-1.3254441936327572,-2.0330178138397974,1.8141241223770586,2.6021051205463612,1.4217448247545559,-2.475399333837906
123,3.642959893172191,1.1847208227329675,-0.7016144202228904,-0.6932329296900579,3.110293869234466,5.941936604713466,-1.0235525899389386,-1.3114722701851553
124,5.51986989356774,2.0304688913455498,1.7849230458925198,-0.929852214977326,0.3775215976826325,3.9016559512540994,-4.516606207595279,-0.5235954856629543
125,7.546514604192121,3.4376163304404983,5.425166526292918,2.091820407758671,-2.6837566277965617,0.24394688543658244,-4.302279155661934,-0.2491077454254115
126,9.152422659489309,3.5700014536421776,4.811280692289343,0.8023497573938843,-1.2705553664993636,0.487806475546287,-5.187425326172922,0.6645241859509656
127,9.062785503405891,2.305341168596242,4.147661812047802,-0.3461779500870109,-0.6048390161475303,3.2493868236973955,-4.60985181364667,-0.3095255211043363
128,7.56994361073818,1.0751538210857827,0.8502294903688413,-1.374307346172769,-2.3584275054830472,3.3753946856236023,-4.749282464007418,-0.8249215098382714
129,10.176166387563935,4.071555854443332,3.1060120940583933,1.9476271525610536,-1.5023308716533494,3.4276408360200628,-2.5615249636839543,-1.7790756015577773
130,10.894774009794363,1.9864580074770226,2.455205153090199,1.3689404604015745,1.553522134115397,3.6369672005832894,-1.6289661259845931,-0.9990747569381506
131,10.383631750624483,2.3785705329967786,3.3068436998791153,1.7783798559104265,1.590736155681555,1.7288281597908688,-4.120064798955144,-1.3730813751764706
132,8.15692349965396,2.5277827950152494,1.6152757486604836,-1.9685822498356709,-1.2145317473048507,0.6138425050311094,-6.490355970673957,0.9876858460427402
133,9.136309244718234,5.152098721880166,2.9979519420841596,-1.487272171739913,-3.5510781472108377,-0.857827044954409,-5.448335577691846,0.12944378015602456
134,13.038964151759108,8.393100869630212,5.2906574445325365,1.638583325928653,-1.609255191026534,-0.3855989183402307,-2.051011829261545,-0.07786452606566234
135,13.886202377502313,7.060836384573345,4.8663253157528645,2.5542161252569238,0.01613423062753226,0.35652527990390503,-2.746197389186736,-0.7465163407652889
136,12.396025314878733,2.959741114307777,3.112128050259535,1.7286355514799967,1.6728909149333404,-0.45689003535913153,-2.834019531145445,0.04661250624510983
137,8.604063168197904,-0.6144436779977317,0.6394412249495777,-0.17855236812343184,3.785083325834809,0.8753609034425005,-2.381159223666369,2.5302153481859118
138,4.909709436622199,-2.961215484387582,0.9996477868703427,-3.001028081424123,2.886036287947355,-0.9931719426433039,-0.755839537947786,2.406674841753863
139,2.2087503310826184,-3.94960513249026,-0.06915129896176675,-3.1933333268745305,1.877266702811889,-1.3250204191195423,1.8422789482045265,-0.10853372751715762
140,2.87427797698742,-0.3364749384494128,2.8174034478995273,-2.7032651115458175,-2.2933105902118727,-0.9582166678787843,1.3031852383549736,-1.8243961481071476
141,2.3835662346797273,-0.7960677070440036,1.1858216167789128,-0.410848868224062,3.19403329634425,4.017385236551886,0.6364920526046463,-1.1868946698330003
142,1.6843547267896877,-0.9390645874881735,0.09633164780937742,-2.9316212546808367,-1.0358343364991627,0.6084137756410362,1.0576852694553747,-1.8101392529411375
143,5.4705176508734175,2.2543851948560345,0.6215470974994842,0.47054099214953654,3.010133357887179,0.8015209236835109,0.5420908847200545,-2.628308393868478
144,6.110365394309369,0.21518850531779352,-1.1376476155682733,1.118371955965187,5.217035624886487,1.8260401847169332,3.2149269894395274,-2.01580730158193
145,6.403199550212159,-0.5362246356406276,0.7616503505817418,-0.06137118128665061,3.884693136082523,-0.8924020758032225,0.17519444918426047,0.9382480821562093
146,6.995933428259398,-0.30915831285924694,3.3028945644061705,1.2279060512535276,2.5618805064559336,1.0784452976612167,-2.1648727113453146,1.5883306553755332
147,5.877837734980426,-1.7211446202496465,3.113370052338806,1.253356972344091,3.5321093607556717,-2.446847566133125,-2.0727730314984427,2.695084482086702
148,4.16896571517445,-4.23737179132283,2.113278875828469,-1.2483875794992727,4.489241348269444,-1.8494660396463931,-2.1611855999102896,0.5670742256037375
149,2.408809277546656,-1.5814118427584767,2.139044674630625,-2.3668544873319597,-1.6140480829586101,-4.316004067917879,0.8413773090025822,-0.5597011410495278
150,3.076096250225555,-0.2804972192736602,0.4517532363996132,-2.3430516853109147,1.395150086724129,0.5518490032337825,0.7903153173113792,1.633820223172792
151,4.476114010668429,1.3413520846170757,1.8581247335076516,-2.604795535577447,-4.266763290477046,-2.2015870108599778,-1.4610818804880759,0.7429160305898505
152,7.416967126930355,4.01464184932429,-0.008929471903375643,2.5371646230290366,1.8626734128411968,0.805561699860038,0.11165761179259501,-1.5828183290819933
153,10.888043096618413,4.038595494162401,1.1357246256094442,2.9114738533719606,-0.28325428130556257,-1.665330294229913,-0.5163792418066413,0.7660320175049848
154,12.451403813689817,1.952768479524547,-0.7748137702729345,-1.3137535256875612,4.278893450669375,2.330369619444718,-2.0550573086163855,0.19089002533919455
155,10.324272270381998,1.7458947307835153,1.2840650302415901,-0.612250611718382,2.5433699088921466,4.360725286988623,-2.4486366749144257,-0.4872320708083242
156,8.443353654574029,-1.313068320415473,-2.507341759268731,-3.6854047718372747,6.946408863210343,6.11653055227763,-0.7008011500888135,2.849817545272309
157,6.880191410082018,-0.9123091988361123,-1.6729172787818192,-4.442059683483686,2.3550615460048903,0.5232391572825099,-0.2538858254681267,1.8771253656223073
158,5.8237318243886405,1.5840006577053338,0.3992821635040934,-1.6240856560896884,-2.954714574482423,-4.241146520226071,1.5253920499904308,-0.46272576754540323
159,11.131878250112063,5.541694629542939,6.120354131628546,0.9735263911534435,-1.2110181714366517,-2.5241242293391886,0.3956787019261738,0.02585684102442787
160,13.263511397614101,3.233904135180952,6.380809999333738,3.76879511052627,0.717925650831124,1.313676207985481,-3.40288682887049,0.05843271158370646
161,11.017972838264008,0.7702661614327344,0.7431275203055521,0.2211934316938036,2.4337504738477826,2.4007326749735607,-0.5994257032251771,1.4904467849369938
162,9.63866591681641,-0.10924937132572086,0.4642795849432265,-1.8815621420032937,-0.30205637372604793,-0.149647137645999,-3.343757469642559,3.308426983501466
163,10.882809384067107,3.0915635693257846,0.20827106831625006,-1.1062093163680269,-1.358954415881261,-2.4519101244303463,-1.4738907174023426,1.6795377220130008
164,12.345959275308944,2.7554732390170256,-0.47004367976120687,0.16100387014485862,-0.8663211002611979,-1.9930015748177974,-1.6529253315786887,1.1637583345703097
165,11.05146666136106,1.432060820472234,-3.330978696942901,-1.807629810834385,2.2339142162139014,1.394609871306934,-1.452944072971714,-1.5809576514582648
166,9.352635728175263,1.147324414419464,-1.8088966108064632,-3.7046514470521448,-0.16960231597739747,-0.7611481662818738,-1.9211190850346394,-1.0626206521015062
167,9.173137100132513,4.433977945334789,2.343334039992796,-2.508333062897252,-1.5903776507769503,-2.0526582510688813,-0.5556314238948512,-1.4029163683750545
168,11.39064759304222,9.388997711633804,4.545982527059475,-0.13422828233654777,-2.003460157829755,-3.9430204011848233,1.0765906872307964,0.11055218196370802
169,14.89681592729861,9.223719601992194,4.445327889254175,2.57264527798379,-0.6283148209645087,-4.1738237689417,2.647839358055163,-0.48055599927473985
170,16.76485350133444,6.859617416830673,4.132960726754818,4.764788313495368,-0.635575064194226,-4.656135668943699,0.1776335416749227,-0.22285061701219605
171,17.442147449989605,4.375460510038611,3.5567860537192484,5.652191026424045,0.25329562628149693,-1.9209365417341127,-2.4934994923703093,0.008929320806560915
172,14.216790291914766,0.605639043478626,0.4373976906160595,2.589890343318087,3.3775856372783606,-1.2381643819762718,-0.9333305249719337,0.4023677781372968
173,12.602411358015836,-0.038918920960901826,-0.790080342081549,1.0152857439701584,3.422725536005574,-2.080661392765905,-0.26631060523724387,2.354137845567184
174,9.038667704423258,-2.1550566497342434,-2.356785137223689,-2.1198761843588123,3.9104872195190943,-2.5268874143393174,-0.06480764856925937,2.18921830398399
175,5.844236450610335,-2.610173085031943,-2.4378233815938524,-3.696011219679597,0.6342710058919258,-0.7184193970612872,-0.5135191648781142,1.460129679818454
176,3.694800567138293,-2.1390436697653326,-1.2251573408075496,-3.014529783945636,-0.9056364789910656,-0.34570287681100514,0.8151544672685027,-1.8552380118033587
177,6.811376685597695,2.420696387613598,1.0263538540573738,-0.47511234383616463,0.3200368921425287,-2.3995665769473096,3.57860907932787,-2.0492432100968854
178,9.187456830945456,5.30285001201088,4.2147565913636615,0.5657265440825701,1.0642683739422587,-2.425989607536286,4.845469934943238,-1.1234506271892035
179,8.112837736213676,2.051387115848069,2.1287655967372907,-1.7431119188259239,-0.4916304960305468,-1.4057521286450618,0.8297204198830238,-0.023548504200738753
180,7.384703266895474,0.6785818809269768,0.6230870466112396,-0.9211906211580505,-1.2535136932641184,-3.8655410085152972,3.066134180104377,-1.5297840624070136
181,8.916873961900887,0.8006847517259198,0.4552895006490462,-0.05839789402287025,-0.5733448269534502,-1.1837690520238897,2.6207938230216623,-1.2161104519486952
182,9.511934693966477,-1.6008427533428717,-1.4045045841723156,-0.4608360998013903,1.7550374201789152,1.4353697603743714,2.7266673188149446,0.046364425686985344
183,12.138362710031425,-1.6169678858903525,-1.3320465296326853,0.26046987939232785,3.049197180708759,1.8419104522127066,1.2642474236515155,0.8630820838063756
184,11.725691517351846,-2.7253630950337255,-0.6264029535077602,-2.3043765171498474,0.6564131226701644,2.6481212799234015,-1.2051306402204838,2.5471423714175736
185,10.18031128583467,-5.63772909859214,-0.715928044390347,-2.9602921831470947,2.59332430371959,2.5765272469529754,-0.7428430429123496,1.4931273543629673
186,10.250704819621722,-2.3960501253719038,-2.5013631325935535,-1.1337129153261845,2.751441172616583,-0.01104758639308551,2.2130421240878944,-0.2889065168247221
187,11.355779331653896,0.5202522486914817,-0.8884777836786599,-0.25041229538930937,2.1948466141760643,1.2346419067874208,3.6315130072385413,-0.6940654753281511
188,8.26737038703871,-3.4725278448035937,-2.221141783067985,-2.6872954118519368,2.853210733820179,-0.21136896826998258,1.3140936640637293,1.0496642345351332
189,5.1838600379395405,-4.024081919207346,-1.4589464878866005,-4.610343257536419,-1.4119507602002492,-1.0018830197999766,0.10196377055749126,1.4256297717763433
190,3.0231712420683907,-6.217903302780022,-2.5454466231388033,-1.7122356056817682,2.656336729973556,0.5978741032091852,-0.7896871106989094,-0.9849713683243333
191,5.328266255172764,-8.210552553405865,2.5830376274982396,0.14261042383468708,3.1742345291872667,-0.9173565954079964,-1.475031681794246,2.1394084275385437
192,3.737128207353541,-8.961318237898837,-0.6858815355003098,-3.752850469421092,2.794766423323317,-1.3113212014843532,2.8643209978707658,-0.06178597763787904
193,5.241786900578118,-1.8131499863536553,0.4653304570414838,-3.47229919425568,-1.620692918105185,-3.245817584257705,0.5225267666158978,0.7127947570961594
194,3.3105460575189647,-3.06762407974764,-3.9450296409718804,-1.6625784617933188,1.3333016893393748,-2.1584215408106986,2.194482581506354,-0.5722016255434643
195,3.55450288037,-5.428375766333373,-2.602435424048855,-3.3892449623259995,-0.4265300066148,-1.4560642200815401,-0.3984460402625676,1.9572679244553834
196,3.317778456242636,-4.929128431949164,-0.6677071605853858,-5.341445015577084,-2.747757951042103,-2.642052259809196,3.417299964966047,-3.313525202862676
197,3.5112894804632733,-3.058775851640831,-2.466905188192665,-3.5326476885728417,-1.8194823391200425,-0.47637441075204123,3.271669666993565,-1.2712103705022535
198,6.5059361324148455,0.8493552390378097,-1.9366822736481286,-1.2697936348898085,0.3390083338494021,0.39998102171845773,3.5982966360478197,-1.677632978710824
199,7.767317988249135,1.1128537074236304,-0.14524989878252523,-0.9232204452483198,-0.49856149573513525,-1.2796116293156836,4.1544542638682955,-1.736672752747548
200,8.359112766465357,0.6069901101999438,-0.7786365294168778,-2.5353654528482097,-0.1649399034584461,-1.0516548198538542,4.430128121562818,-1.716214115455373
201,9.562195725443251,2.450171766909541,0.9925099824979434,-2.2122545370858666,-2.251514353952067,-3.3364346140886414,3.8476745948809907,-2.4893249219274476
202,10.31300281364557,2.6573696792565102,0.9098652901772403,-1.1265370041685732,-0.9115606570352646,-2.4400177403364895,4.169713580073658,-1.6154174718870162
203,9.769361178713362,1.2898122938094434,-1.0490305504031063,-1.881537692486288,1.1905620069294522,1.2079899326187544,4.779369533958429,-3.0912080360319476
204,9.78808687435547,-1.1745055490915766,0.3231668834182343,-0.3395830575332216,-0.5708872730991775,0.5143736206400992,0.45404248032944805,1.393297180291958
205,6.84507446683617,-6.730316949787519,-2.856636637740717,-1.4077054055485632,1.039565471721987,0.9863944709079284,0.025233698633260908,1.3973521068626293
206,7.3933874693136215,-7.052280078391527,-2.524295351945139,-1.7301316355814158,2.907894915601169,0.8203552781609628,3.2237909863202687,1.040407690374186
207,7.889065331654583,-4.53633283870701,-3.449241330736335,-1.3373508648299504,0.7094810286722927,-1.0378639109499534,4.177286091831869,0.9954156247468791
208,9.15677456975036,-1.4519687549030347,-3.254419337951171,-0.3988424205416989,1.7294611564502682,-0.12979751112759538,2.352007667554317,1.9444039933611017
209,8.430014864210582,-3.2387312916188966,-2.4858558955687227,-5.056194077519756,-0.8609232244052208,0.5266999365131011,-0.8353505499209498,-0.6856797930744687
210,7.638783921124866,-2.3239207508116957,-3.950789425026765,-4.578439710886465,0.22729781884375116,-0.021667600365921892,0.3186762158271081,0.7928185527269371
211,8.919534458360742,0.8937105472875545,-3.7907601120680012,-3.495147806792275,-2.1324463570617613,-0.04311709448862758,0.27573131599875594,0.7144537464221911
212,11.704969255761487,3.884773192588858,-1.2567215382932775,-0.7286187567648844,-2.5701218011020996,-1.3874042432816156,2.4031510014013784,-0.8866106444107111
213,13.382776144882062,4.15214860527641,0.4553543060408957,3.6444410095974393,-0.2550597813985013,-0.8369113188888494,1.3501963716292988,-0.7581781234178107
214,11.857321093321982,0.527292021328631,-1.286156243530304,1.594888164231807,0.42947779543809933,-3.0778328024225896,0.46671814946194773,2.575369768454294
215,8.860781975170593,-1.2700561209323362,-2.5774930830989065,-0.6710675558105782,-0.9676745569777452,-1.205014997870405,-1.7881018445631283,2.963220578258802
216,8.583409977534433,-0.08778128736054559,-2.302742273581064,-2.0697785131388597,-2.7665257249518893,-0.45919153929137874,-0.8155234585182469,2.4074719078655344
217,7.4501427106130365,-0.9735785026796384,-1.734722575215212,-3.3323788556896283,-6.714806147713663,-1.9232491385683486,-3.163124722626569,3.3008336358494232
218,8.903343206094112,-0.46469037690619175,-2.7670029960776974,-3.390232406964402,-3.4973657352482252,-1.0266327479732977,-1.7818352818618908,1.0257696608215838
219,8.422009946792276,0.19747440034407243,-3.6075407419893235,-2.628225079824925,-2.7142585854307155,-0.2258379435559487,-1.0129253290093572,-2.147429971901675
220,8.942315424750474,1.054571943473522,-3.845576247945068,-1.2923029673725963,-1.5290719520429072,-0.3495281263029342,0.15689994326243342,0.17124447512865718
221,11.033165214255524,2.88638871408985,-1.1359969382208916,-0.7719675782292312,-2.97459543547728,-0.15209011541826795,-0.06983427822792215,-0.6361264891899421
222,11.316307004566442,0.34212143547629076,-3.1095616249541154,0.4425277509724561,1.5745189639998305,-0.16576461847406848,2.789775556746099,-0.8557142781084995
223,12.31652795995665,1.0570490733798288,-0.5771486317157826,2.9207953884406717,-0.6374956197094215,-1.0339047920883482,4.18434032068012,-0.5189790453544247
224,13.777083247996956,1.7993183403911968,2.256169326334812,0.8232837802071733,-2.4982393597867616,-1.0592500983866227,2.0566442414789545,0.32203505774981106
225,13.555630831460034,2.3550079272988547,1.506588081197236,2.1445690910320185,-3.226372663299854,-0.6954286487602268,-1.047459382599854,-0.25775776742444867
226,13.193776994993764,1.004278994539195,-1.5534331818919853,2.88925532889484,0.23131435366800945,-0.4236940446625603,0.3740787181917176,-1.2342589548525988
227,12.002511446506308,0.45012857801363815,-3.395640159308056,0.38123236002243444,1.4808578652534232,0.3840015743493917,2.953082469109891,-1.0748667523668651
228,12.578109499004396,-0.17971998279708892,-1.7021569693193093,-0.01625990335682801,0.881204515664278,0.2516116794872036,2.3268937647023686,-0.534925375531029
229,12.473800325495413,-0.9474407096002343,-0.4729076759546464,0.8737254843622779,0.7495909531607046,-0.7310391390628596,1.9103438297243855,1.4399409089196686
230,11.688964230601014,-1.2831336825717294,-1.2953644450674813,-0.6322578826997612,1.2838081215731387,1.9641631564886326,-0.23697539500601494,2.52730991724294
231,12.03539103621119,-1.504953472127744,-1.7063760784601696,0.11248598376786569,3.4988649732817807,2.3790440193548443,2.5105093916750634,0.4652052729414131
232,11.714276620957525,-2.7835293283462086,-2.5472050746915804,1.1538418289628007,4.852379706621255,1.9532762114255426,3.7294252412653335,2.425276665563885
233,10.198032788271323,-1.1107105765051057,-1.445201404202395,-0.9031225718846637,1.1740781073824658,0.8477285462585961,2.0685844202426624,4.590166872825831
234,10.897249378107558,1.298966663957347,0.14352911562686854,-1.2132359783747686,-1.1194459291474645,-0.07387949190146227,1.2936741137886016,2.0639057951430777
235,12.040568836551863,3.7539121442638126,2.076351072698354,0.30920698558248627,-1.9678779790795353,-1.1577917802325504,1.6433738389643597,0.8686267157837179
236,12.316146379761367,4.565046472692942,2.8293020659938106,1.7180597795347599,-1.5271257734404948,-0.8901953336112697,3.424512338530411,0.4337272207875898
237,10.641020554080052,2.8952046408353334,0.5677236381776375,1.5692590861471447,-1.5372565067176418,-0.10725135662096456,2.6391529934348976,-0.4909866475671507
238,11.331286626478093,1.945762049432612,1.6761196869016908,3.8082373680607793,0.2597456697812238,0.16733249954902907,-1.1271298672510834,-0.8038954926223063
239,7.676824668062602,-1.8012509663124028,-3.892301784248639,-1.120198517793784,1.8762889488700585,2.9495802362365495,0.1656391479823441,0.8967662322606347
240,6.71628462633063,0.006867206978895503,-1.1044524841141363,-0.7591016877849286,-4.121413916269119,-0.8275155475464956,-0.4229499355136678,-1.1206128952304664
241,8.185845275751008,1.5260052093071783,-1.0876259291259396,1.0590544168467757,-2.3216276207746227,-1.375405811467454,2.9410358162390904,-0.3180744622847963
242,8.499324564637474,-0.4673933936860181,0.2622958625317546,0.41875614237572356,-2.104452460143648,-0.7471214573477581,1.089938727642461,3.565358447610272
243,6.195024019119312,-4.130091182640917,0.7583476500345268,-2.724755354384934,-6.04311111586614,-1.7358529716825513,-0.8437382990955805,2.2305063949806754
244,5.134920688006274,-5.0286712999804895,-1.5594716990424204,-0.7369615012912717,-0.8409059973069372,-0.0739311909209472,1.7242667588097762,-2.838512992839369
245,4.570873835923267,-6.60216481289063,-2.9441840229416654,-2.665755800048505,1.4522426854981747,-0.32063035837954135,1.549673464265063,-0.26457409037677965
246,4.301251615952988,-2.6500665661663314,-1.206971557182488,-4.00612038549025,-1.009233830068711,0.022139619406594827,1.4102987363963118,-0.9302037282493888
247,3.3262015823825073,0.299394996341534,-1.841723078177344,-3.909878424946053,-2.93700930048332,-0.28541011758004287,-0.05526993562419676,-1.3248585520979208
248,3.5578037591084555,1.4509069999601356,-2.4998741626437666,-2.5337158242140285,-2.4284962380518613,-0.24178441136096782,0.02719390254956312,-1.1740120626354456
249,2.9105003044285147,-2.2817500245961626,-4.26915502542335,-0.38532375194627355,2.4131829112509764,-1.0283235315914658,1.5958231951610422,0.3753141313672738
250,2.846312746920354,-2.8851758453665703,-2.1668699084985095,-1.0524083034827354,-2.96613146959075,-2.2918611879550883,-0.7594195156994356,-1.892339231948855
251,5.5091117921005495,1.0138865216757713,-4.544668229801148,2.1444487426653334,0.9484613544861804,0.04741208195760486,3.02608916538164,-2.4567980561196356
252,7.887727736023505,3.003017768686107,-5.043887968579462,1.8516984644282817,0.6434902881636823,2.0091824856383163,1.3762012649893691,-1.1671504246427746
253,9.313023876093332,3.4750171088531165,-2.7341184079381637,0.7782912712808862,-1.763100742224471,2.014122223649458,1.9123486656383886,-1.122394576616232
254,9.597672542708349,2.8390578829525546,0.17230797600093137,1.4484829898119975,-3.7509876146543246,0.4026442827256413,0.9177403998160956,-1.2202084808364888
255,8.422304260272542,0.3575740228749368,-2.01623397062715,1.36713548207717,0.9758561403965633,1.9704703515868007,0.0246925463705311,-0.8482676996722421
256,6.390598255994043,-1.6961890147875867,-3.0362132862416362,-1.3495253793524205,-0.6867203965065662,1.7591647506837864,-0.3930159305662647,0.7700077057786833
257,6.321328271300805,-0.7489616698134114,-3.0699750558059056,-0.7346897410157209,-1.6714343894382977,2.0341407128444953,0.3259995650460111,-0.17201039491507933
258,6.992936752183895,-2.362762622583713,-2.689387821499517,0.5421156029819205,1.3922689198538643,1.6810255636638975,-0.11991939985602096,-0.6337585464995174
259,3.4036695811629243,-5.143361538662022,-3.43152158480059,-1.9662036726698215,0.6732476858748715,0.08130052001716702,-1.3065816682394287,-0.9684991218532487
260,1.9459673245297011,-3.4068227725182303,-2.9460469210622646,-2.6667219953313515,-3.255658472072456,2.4420067524647817,0.3371643233092425,-1.9750389068222305
261,3.333633007364664,-3.6531318255807435,0.7183630311053797,0.47137116332881024,-3.3783828474693003,1.475845498641522,0.8113767300002759,-3.032366064710745
262,3.092578817961327,-3.954395467571356,3.48367665750203,3.852583906204055,-3.845169995615546,1.5547114526041457,-1.9379730201679182,-1.3857850435015697
263,2.2734621616333466,-6.2656555761117625,-1.3428932683831654,-3.714758824727227,-0.380957295341896,4.197046273030791,-1.4852440548409211,1.131229880187532
264,1.5178987418667482,-2.865280638742045,-2.453863382308306,-4.355802598635794,-4.1166396196325765,1.377951200716618,-1.051818093205295,-0.6322084296116403
265,3.6292236009045267,2.008429582193163,-2.3908939417391566,-1.1797028386129538,-4.979099435683882,-0.059339862981272515,0.31198160103587047,-2.047487606326222
266,4.049717225141442,3.699137109763123,-1.248715104661711,2.126050437594452,-4.863832410320104,-1.180831950415956,0.7849890846176413,-3.206985832095519
267,3.467892047735163,3.149298757022924,-0.2472619193733627,2.2151662249508712,-3.5735709067176464,1.9149293501128455,-1.421082136612629,-2.744248937216328
268,3.76132323813136,2.7322706991896295,-3.10638713344612,0.13323596624512765,-3.7387231201039395,1.8721297705665216,-1.4869988415853612,-0.7457622276983231
269,4.289988026282944,1.4167136269778866,-3.18225705330126,2.849735611225125,-2.4486167458613766,1.1368535075115678,-0.16461168566373982,-1.2207065504413015
270,4.211016466518545,-0.39104616152868527,-3.1107296339612542,3.354507340064281,-0.2951956795952205,0.43646727283218995,0.19487472134665831,0.1427561880100569
271,2.7880629340669185,-4.443282828932107,-2.327446075872533,5.209033891111972,0.7041971005808928,2.080499687700749,0.5340994011456286,-0.5237277074826737
272,5.044785217985521,-3.2126075404650334,1.1917413161305621,4.706393901164896,-1.0029638193066623,2.9907888576239725,0.53606024079057,0.07435205969720979
273,3.0303493116650793,-5.195570360184638,-1.1791925816432443,-0.6438061135862179,-2.5790968692032514,3.5819607611286233,-1.6512206552136401,1.2648459145565047
274,0.028061402643497026,-7.680745474245615,-2.3691513100162007,-1.608229207261028,-2.662870036723006,1.4677660407553281,-0.2503035544047081,-0.0428040724355718
275,0.4364020119820112,-5.164599242700829,-1.2782687776758885,-0.5714740830145103,-4.155911273315328,-1.9073957173334306,-0.07884713774154992,-0.870383628684083
276,0.7566197695554424,-1.6412443414118523,-3.10381555912183,-0.8817321644428835,-5.866797509391885,-0.6210405455573148,-1.3508407224855579,0.13583527065133782
277,0.8436191594992383,-2.380361577777907,-4.728477101211919,0.09785300629272191,-2.723810955423269,1.0037125255458648,-0.07724088307185031,0.9426197103171339
278,0.7382171030030766,-2.248570715967189,-3.9968556618233957,-0.27177624929103905,-1.5784461196790527,1.5383571050311542,1.9029798320010374,0.5950525653719196
279,-1.0447870976307774,-1.918989785660453,-2.8396522894633436,-2.531705731177232,-4.684401842514823,-2.167049499424549,1.1873555447392325,1.202035810299844
280,-1.4856645112353142,-0.22563745707124264,-1.8674095595804039,-2.5205369298647597,-7.004771204353916,-0.926716108590099,-0.6454451410857763,1.3481095369445992
281,-2.392108107415337,-2.817372696625259,-3.6195261468830466,-1.1451366448699234,-1.691140266783907,-0.42649596729167416,0.6860277234410637,0.5487214802784446
282,-2.401276623770174,-4.583215358584348,-0.01692179697116416,1.985426584282122,-3.356686255018568,-1.4051204214129398,0.45571061932385026,-0.6224739362407679
283,-3.5370083405974477,-9.546150051526183,2.4200641500428963,2.4682179583683155,0.2191837771987294,-3.9251446915186725,0.10343836360231336,-0.6809964842013874
284,-2.699111178460591,-11.011341525997613,4.690989784566914,3.273308746395657,-0.21825370260521415,-1.9817481488051198,-1.223791041535767,1.0860422395991822
285,-0.18921620005224282,-7.142044628615478,2.2292936384759896,1.6693541898097777,-2.3392570512405833,-1.5859266600660653,-0.3689030249724789,1.9581557772719664
286,0.28030475676204847,-3.5101001907874143,-0.9002037760088792,0.7018701069274781,-2.933006898040551,0.5720846471688654,0.20528740760511952,5.639134914405905
287,-0.03383711819711899,-1.6807731074253216,-2.2668455670325747,0.22691459204973755,-3.175437182486931,2.48453003972491,0.4744242000827227,4.438329772440946
288,-0.8020183048756313,-4.11283364453189,-3.016716290002529,1.7953564045985992,-0.6843214286550984,3.6557579468153256,0.8600193761468414,2.5454871986288476
289,0.1646989775697246,-3.678093141053448,-1.9298312491790073,2.4604637348385587,0.5149009568746733,1.2973746860869686,-0.9244647419352381,-0.6278064853539723
290,-0.8015138127256798,0.5371741928715422,-3.1930193282741635,0.5540887058883988,-4.927614296583031,-1.6430183607154378,-0.8407372447847935,1.7455408993286767
291,-2.4117461969410674,-1.285028453801367,-4.709267602524882,0.43070321933092487,-1.6407200606200063,0.5932300608883786,-0.14966830971837203,0.29014918672191625
292,-2.7341905103598374,-1.4665039559141826,-4.577306478073099,-0.3654914304148251,-4.070969917189182,0.6577492590135781,-0.27984738224701594,-0.1235261144979176
293,-2.1425383902457824,0.12961789023433332,-2.273252385130379,4.883082085586536,-3.05411894898685,3.42605336418432,-0.3145036007708159,-0.2226204139191653
294,-0.8679268129497189,1.497579431828432,-4.061355556289664,5.365424701844278,-0.2335353113844166,3.4399719451989106,-1.117242620307801,0.26950775499788
295,0.6443308712548855,4.851781788115686,-3.5430661760722257,5.014947126134677,-3.4203568017307506,1.2706884327771584,-1.5381092515857913,1.5266691476736987
296,-0.703203706381166,2.149127568666844,-4.3113546861614855,5.703811421645799,-0.16359746601077116,0.20965163979858917,0.5847603984617299,0.6581668920983309
297,-1.4640658773953819,0.17014962709686254,-5.026239842311844,3.5622963830551857,0.21177781206479698,0.3855983584206577,-0.12187175211944898,1.670121891315491
298,-1.6427937075296328,-2.873486333142946,-3.194881204936128,2.8178868863235684,2.154459750975566,-0.22825874061905713,-0.6888919166919952,-0.715024323922368
299,-1.4370333659805352,-1.684604733248355,-1.961340624883979,2.3961931915417516,-0.8142545068039443,-2.02681194697881,-0.8207270713452608,1.9734797925147862
300,-4.27134385770095,-2.057236343739128,-4.67789892011943,0.6699748908759122,0.9760339315405502,0.5706426062746182,0.41192888913105064,-2.51578579358492
301,-3.301894603011795,-1.7486412076396531,-4.412940592773349,4.089185422428921,1.147954909873826,-0.8284374964582295,1.3355744242235346,-1.7700139907311805
302,-2.513839604245245,-2.059404270503868,-0.6196192249918027,5.862510642988881,1.320256738221519,-4.091841745238675,-2.099819741287892,0.9814572913759713
303,-3.9891857126915924,-8.756797294673177,0.6524865974990397,5.633828160856152,5.251217805493817,-5.022101307763166,-1.9902552448885458,0.5899725651953062
304,-2.8035671251799354,-8.093649877940006,1.6230431248740675,0.41181174645346336,1.24428494552953,-3.1361002457291285,-1.7231987539932894,1.6348175343281
305,-3.8791221913221396,-6.022565696564862,1.228586146520247,2.000230837826057,0.5819815414298171,-2.665052761388083,1.2992226495897363,-1.4370369108972372
306,-5.326485050388457,-5.736280246882727,2.4937420592968054,4.367451684211659,-0.8352611180421223,-0.22421273314803017,0.01800188042470057,-0.2052043285130342
307,-4.69692764376894,-7.15071551612719,2.473526278585723,0.06906839576959345,-3.2053572638244474,-1.4399606060273276,0.14707487796178703,1.0314208374234077
308,-5.921124640200687,-4.726359273170205,0.9315587612320182,-1.1816175757098144,-4.009366136271124,-1.998642086073286,1.9540361773129222,-1.6291803432518104
309,-6.270768322564861,-2.9694149679783712,1.848864626170344,6.0146886515025,-2.1615263480590117,0.0625881988730941,0.3647935543234126,0.0841180055823978
310,-6.011669878497836,-10.949575750480971,4.690465640677897,2.2197012250455788,-0.6736195475550344,-0.18214223383389389,-1.3004875399543399,1.4956324368622411
311,-5.214841701569748,-12.01790032249502,4.472426599765443,1.0744535099269985,1.2356290724214818,-1.8808343132142975,1.814012862119932,-2.3801737468065496
312,-5.310984640070282,-8.265608365878283,1.840807664866167,2.3936894097677217,1.749947754002205,-0.9136596569182037,1.3884758815630391,-0.6767687774528371
313,-5.8144899653795115,-3.9498822454150675,-0.732309127700518,1.2995570430144792,1.2655875479947143,-1.0871076922455893,0.4253962763128785,-0.8955532153553569
314,-6.335384948262162,-0.32007947938287634,-1.690404116292346,2.2579585568977136,-1.2559605747357923,-2.251499084754452,0.26240110008948336,0.26201374480441864
315,-6.3893564728845265,1.071251191746651,-2.0340734028669036,5.48032303690059,0.021399643441070454,-0.7425089881347923,0.5517565240861282,-1.339269537174716
316,-6.3387153895303125,-3.6301665523950333,-0.4983557024070442,5.512453559837399,2.2237006105920614,-0.5235857577075482,-0.503545148125115,-0.23895919134984545
317,-5.141359110818485,-6.385496984489255,0.6489303037266302,1.6613882285802142,-0.8940690807971879,1.289419800059222,1.4289205188817171,3.055209847200702
318,-5.412723199474832,-5.445462615398695,0.5914494558665776,-0.44316134099565885,-1.6542986056522335,1.9215521298302076,0.34977948040650125,4.17848469860373
319,-6.108588344213162,-4.059060916686431,-0.7880539027968192,0.08302452154613987,-2.6801906944419507,-0.9107804875818447,0.03639044668789495,3.15664716488972
320,-6.678112788568084,-4.384681482848299,-0.03818514154215335,0.36323465434074553,-1.6576881302438675,0.005112554068882321,-0.08937528014904655,1.4941011925802388
321,-7.465947244103631,-4.1424274506485395,-0.21982686949360558,-1.368452269846425,-3.575512941779102,-1.0496058638868762,0.14611194625141832,3.3636984376446466
322,-7.921178113838501,-3.4108056546559995,-1.2563278190724545,1.086817587844054,-2.035270790602826,-2.787633881080705,-0.4075980240654085,0.3664612414169021
323,-7.827179465200691,-4.834115357216213,-0.11671712402199787,3.3810141591997147,0.7807843330364533,-0.3209002184538968,0.5473717659813784,-2.192880803542931
324,-7.732762919359685,-6.262774999820933,1.094880802809798,1.2787850758553432,-1.0760580243442823,0.15470217220364255,0.583640208374353,0.38162201394398315
325,-7.479075026185482,-6.317707445009047,1.1939610712892517,2.9877120293412265,-1.5729775127974581,-1.278818469124565,0.49101996489775895,0.9893705485246809
326,-6.602677184497769,-3.988734141483529,0.845985314829732,4.868433560416314,-1.0612196732406431,-0.046536718644047785,0.26746477610348407,0.5601523488726021
327,-6.54803321582641,-5.306740878184949,-0.9320915594873449,2.256410180256608,-0.6728421368272055,1.5691062849110453,0.135821887752472,1.4601517607278582
328,-7.925675659380255,-4.882018086867146,0.6059851992197511,1.8691630435335385,-4.35438567479112,0.049221749500124964,-0.4665632810031253,1.1435144472667529
329,-7.477036049344973,-5.54364959948528,-0.04611563397469744,3.0079755199112923,-2.2650550808470933,-1.0177047317211148,-0.0010031864530838238,0.07831829736761071
330,-7.139931618777479,-5.03639626996549,1.3484893614721578,1.1514347257626298,-1.1944706614617429,-2.1150071905410175,1.1945218825683133,-1.3528198278393138
331,-7.071067424313967,-1.4408019338901692,-1.6469623013651422,1.7067464295719057,-1.963115262535748,-1.6154441497826362,1.208140824951583,0.7158700970942813
332,-5.82040860594967,-1.7092393109390296,-4.982630093383417,3.386545954062321,-0.6774062484393624,-0.6930172080137422,0.3714993453843683,1.0606600869892089
333,-4.854168406865541,-0.986278291468394,-2.4005761066156737,6.625815404271375,-1.052200599387966,1.2151660769164092,0.6087464527165665,0.1829393225393884
334,-5.591840687444844,-0.1704420505816194,-2.954746111638815,5.955182951792619,-3.520239341264208,0.966528855564884,-0.03710184271381153,1.318575591735889
335,-5.7357342833701175,-0.891633269330634,-3.2217808467413187,6.284996262345888,0.34154888418473517,1.6637471790446892,-0.3594401873777262,-0.2456950771851432
336,-5.91686504453792,-1.6225296075717544,-3.3381321007404487,3.6248425434095686,-1.9311890885791274,1.2200168687537036,-0.16708986913963358,1.0037108866760351
337,-6.937922681362125,-1.0493951475652086,-2.8388496199789444,2.8006069093046557,-3.0010474418840802,0.360286283056472,-1.1146627929308395,0.9805613507969035
338,-6.933797006634892,-0.49830800433603445,-2.6005401774424985,4.972330210943297,-3.0114789411568954,-0.39763832972847063,-0.3366741213682569,-0.682445325632928
339,-6.395192868202605,-0.19542941488397367,-1.5863918893218518,7.0115576160224276,-2.7736082488821725,-0.3508375363743035,0.2074291619529424,-3.089137071646157
340,-6.9596802279984376,-2.123085580968819,-3.640962272847207,6.3418347409262,-1.5153667401329607,1.9962180270063643,0.7741700111735634,-1.7113976534575497
341,-6.6695962989660496,-4.02617141920373,-1.8269393234052715,5.457433008528052,-1.3894747114509733,0.6917448752605901,0.008624016441333449,-0.74962707521712
342,-6.033544741838572,-4.586390417846488,-0.026259388799234635,4.282417684056631,-1.54959403261936,-2.763371610260958,-2.081624329191003,-0.2523962526222217
343,-5.8246940687194995,-2.915340227572746,-1.4573726233271307,3.410081043434332,-2.1005330029705935,-2.3156848654406956,-0.7878886903096904,0.19830212415073536
344,-6.583607550639858,-2.408375632137891,-3.594604718690927,4.099720825354669,1.3804750666085492,-1.9292181112460838,-1.4245244955509742,-1.6915138019406082
345,-4.9893538253316025,0.40806089155416175,-4.5320007713702095,5.268426405638288,0.820509080937121,-2.947287390169138,-0.6890577270633547,-1.5473505836956334
346,-5.312946834879741,-1.7903123987763234,-5.912251162261921,5.798750807696249,1.3789166786712561,-1.3337939328588104,-1.6783240306267901,-1.162511104306258
347,-5.453489520510649,-3.1952878826569306,-1.4658887163497643,5.704685084661344,1.9088719865019648,-5.6509044759385905,-2.4852250363091613,-2.1729276488595075
348,-7.586338517918823,-4.230333026240137,-0.21714249849587722,2.4013935927527053,-0.18038692426025377,-0.22065662533963404,-1.2618598962106566,-0.6329719970867296
349,-9.329303964504922,-6.4459493538187145,0.7284046472641288,-2.514726828412115,-0.9390283844711057,-2.342012507203172,1.13238376781658,-0.9457038417196154
350,-10.513748787770174,-1.781037533420791,0.44299031466867334,-0.8573050215747618,-0.5773309525442871,-0.30225485173258776,0.5794711577372958,-0.2468249791973246
351,-10.229013906325978,0.17164876811828345,0.022281080803636468,0.03539105459305666,-2.8638607804594622,1.3023848186721565,0.09875602954526069,1.4958649373725204
352,-10.554681243300447,0.6612112589359034,-2.0036099223367283,1.142000362297517,-1.6017538517241139,2.823244105451758,-0.02150180700726809,0.6828385363924827
353,-10.134826518160684,1.1314745795647172,-1.6180804074362185,0.03557489179545845,-4.347028888099689,1.9290339998695052,-1.1502832958020335,-0.5609147245028969
354,-10.721559501179005,3.812397336860585,0.7970749207247079,3.460201971400974,-3.1427657241565132,1.432909367303133,-0.8272072376129666,1.0229839387749742
355,-11.321001798968963,4.831511430091349,2.2640549532473884,3.6473892290438306,-4.596653574227551,0.5193643512849476,-0.9034196122138043,1.054925628730144
356,-11.578080641022,4.841611760207166,3.724679375552351,4.8974693068373005,-3.5516415119939237,1.1551891165426096,1.9514877274348643,1.3852790195099594
357,-10.740214134937462,4.613915590939305,3.578988961495331,5.575547148065706,-2.319241430778175,2.6395013269031486,2.192840027295869,0.03941214952376957
358,-11.904458422289558,-1.3800713357573255,2.436524483704816,3.2939228997061893,0.47078271318824544,4.5877199573431495,1.278894264756095,0.0489838500276799
359,-12.984981007951795,-6.247133923803755,4.494006989782174,-1.2750880254330361,-1.7147710781898808,3.762057012621146,-0.18248522088843894,-0.3056843234438521
360,-12.542966557238326,-7.877151445671517,6.1826127806280144,-0.23344043043675392,-0.512334010389722,3.731354283225817,3.5948978110467715,-1.2654472934577818
361,-11.801491055744318,-8.482311069254115,5.420473373177774,-1.5840484479548809,-1.7919645242571567,3.8882893977650874,3.9417337227166,-1.4013991340966403
362,-12.561586858883324,-7.868329922570446,6.4045261472614365,-1.0237318357475669,-2.4229373952056426,0.9289554173421007,4.275213236885667,-1.1169506860980907
363,-13.12597327122013,-6.931706541116623,6.485743199713485,-2.074424597462634,-1.99531487745291,0.1596455330680983,2.5594026474697995,-1.4841083569866882
364,-13.134843446752342,-3.6887303910427054,4.07960741935365,-3.2143036409200336,0.049122804318915275,0.6976639552251072,5.120465175679989,0.16758791876095772
365,-13.260429859108397,1.0964137175434028,2.8379256732337526,0.10669533038698449,-1.4481415345696331,2.194573936161983,4.195791088721811,3.734547374455589
